-- ============================================================
-- 坑查查 种子数据（示意，均为科普改写，非点名定性）
-- ============================================================

-- ---------- 避坑内容 12 条 ----------
INSERT INTO content (id,title,victim_group,trick,loss,tip,slogan,body,source_type,source_ref,credibility,hazard_level,loss_amount,hot_score,online_at) VALUES
(1,'“注销校园贷”反诈：自称客服要你配合销户','毕业 1-3 年的年轻人','冒充网贷平台客服，称你的学生账户影响征信，诱导你在多个平台借款“清空额度”再转账。','平均被骗 3.6 万元，还背上真实贷款','征信不会因“注销”受影响；任何让你贷款、转账的“客服”都是诈骗。','转账=清空额度 皆诈骗','接到自称平台客服的电话，说你大学时注册的账户不注销会影响征信，要你配合操作。记住：正规平台不会这样办事，挂断并拨打 96110 核实。',2,'国家反诈中心预警',0.98,3,3,9800,CURRENT_TIMESTAMP),
(2,'健身房“预付年卡”充值后闭店跑路','办卡的消费者','开业大促“充3年送1年”，用低价诱导大额预付，集中收款后关门走人。','数千元会费打水漂，维权困难','预付卡单次别充太多；认准“7天冷静期”，留好合同与转账凭证。','预付有风险 充值要克制','看到“充得越多送得越多”要冷静，跑路的店往往促销最猛。先小额体验，别一次性充大额。',1,'用户真实经历',0.9,2,2,6400,CURRENT_TIMESTAMP),
(3,'“高薪打字员/刷单”兼职先交押金','找兼职的大学生','以轻松高薪为饵，入职前要先交“押金/会员费/保证金”，付款后即被拉黑。','押金被骗，个人信息泄露','正规招聘绝不收押金、培训费、服装费；先收钱的兼职一律拒绝。','先收钱的兼职都是坑','“日入300、动动手指就能赚”的兼职，往往在你交了押金后就消失。记住：用人单位向你收钱，就是信号。',2,'12315 消费提示',0.95,3,1,12100,CURRENT_TIMESTAMP),
(4,'养生讲座“免费送鸡蛋”诱购天价保健品','中老年人','以免费领鸡蛋、免费体检、专家讲座聚拢老人，再用“亲情攻势”推销高价保健品。','数万元买无用保健品，延误正规治疗','免费的礼品，是为了卖你更贵的东西；保健品不能治病。','免费领≠免费','楼下又在发免费鸡蛋、请老人听课？这是经典的“先给小恩小惠”套路，目的就是后面的高价保健品。',2,'市场监管消费警示',0.93,2,3,8700,CURRENT_TIMESTAMP),
(5,'“荐股群/导师带单”杀猪盘式投资','中年、单身人群','拉你进群每天“讲课”，群里“托”晒盈利，诱导下载第三方App投资，小额返利后大额无法提现。','轻则数万、重则倾家荡产','凡引导到站外App、承诺稳赚高收益的“投资”都是诈骗。','高收益群=收割场','“老师”免费教你炒股、还能内部抢原始股？真能赚钱的人不会拉群带你。站外App投资 = 红线。',2,'公安反诈通报',0.97,3,4,15300,CURRENT_TIMESTAMP),
(6,'冒充“公检法”要求转账到“安全账户”','全体，老人尤甚','来电自称警官/检察官，称你涉嫌洗钱等案件，要求把钱转到“安全账户”自证清白。','大额存款被一次性转走','公检法不会电话办案，世上没有“安全账户”，挂断拨 96110。','安全账户=诈骗账户','一听到“你涉案了、把钱转到安全账户”，100% 是诈骗。真警察不会在电话里让你转账。',2,'国家反诈中心预警',0.99,3,4,11200,CURRENT_TIMESTAMP),
(7,'“培训贷”：承诺高薪入职诱导贷款培训','求职大学生、职场新人','面试通过后称需先付费/贷款参加培训才能上岗，培训后却安排不了承诺的工作。','背上分期贷款，工作落空','入职要你先交钱、办贷款培训的，基本是坑；上岗不应由你掏钱。','培训交钱=贷款陷阱','“先培训后高薪”听着美好，但让你贷款交学费的，多半招不到岗。签字前看清是不是贷款合同。',3,'裁判文书脱敏案例',0.9,3,3,7600,CURRENT_TIMESTAMP),
(8,'租房遇“二房东”假房东，押金一房多租','租房的职场新人、学生','伪造房产/租赁证明冒充房东，收了押金首月租金后失联，或同一套房租给多人。','押金房租两空，被迫搬离','签约前核验房产证与身份、走正规平台与合同、留存转账凭证。','签约前先核产权','低价好房别急着交钱。先核实对方是不是真房东（房产证+身份证一致），合同写清退租与押金。',1,'用户真实经历',0.88,2,2,5300,CURRENT_TIMESTAMP),
(9,'直播间“老板砍价+专家鉴定”低价玉石','爱看直播的中老年、宝妈','主播与“供货商/专家”演双簧砍价、出示假鉴定证书，把地摊货当捡漏品高价卖。','花高价买到劣质或假货','珠宝玉石认准权威鉴定机构，别信直播间的剧本和“最后一件”。','捡漏的是你被捡漏','直播里吵着架、砍着价、专家现场鉴定的“漏”，多半是演给你看的剧本。冲动下单前先冷静。',1,'用户真实经历',0.85,2,2,4900,CURRENT_TIMESTAMP),
(10,'AI 换脸/拟声“熟人”视频借钱','全体，企业财务尤需警惕','利用 AI 合成熟人或领导的面孔、声音发起视频通话，制造紧急情况要你转账。','单笔金额往往较大，转出难追回','视频也能造假；凡涉及转账，务必换电话或当面多渠道核实。','视频能造假 转账先核实','“领导/朋友”视频里张口就借钱、要打款？哪怕是熟悉的脸和声音，也先挂掉用另一个渠道确认。',2,'网信办风险提示',0.94,3,4,13800,CURRENT_TIMESTAMP),
(11,'装修“低价签约”后不断增项漏项','装修业主','以远低于市场的总价签约，开工后以“原方案漏了”为由不断加项，最终远超预算。','装修预算翻倍，骑虎难下','合同写清全包范围、主材品牌型号、漏项责任与违约金。','低价签约 高价加项','报价低得离谱的装修队，往往靠开工后加项赚回来。签合同时把“包含什么、漏项谁担责”写死。',1,'用户真实经历',0.86,2,3,4200,CURRENT_TIMESTAMP),
(12,'未成年人大额游戏充值如何追回','中小学生及其家长','孩子用家长手机绑定的支付方式，在游戏/直播中大额充值打赏。','少则数百、多则上万元','开启“青少年模式”、关闭免密支付；已发生可保留记录向平台申诉退款。','孩子充值 可追可退','发现孩子偷偷充值别只顾着自责。保留好支付记录与充值时间，未成年人非理性消费可向平台申请退款。',2,'消费者协会提示',0.9,1,1,6100,CURRENT_TIMESTAMP);

-- ---------- 五维标签：dimension 1阶段 2领域 3心理 4渠道 5损失 ----------
INSERT INTO content_tag (content_id,dimension,tag) VALUES
(1,1,'职场新人'),(1,2,'网络诈骗'),(1,3,'权威崇拜'),(1,4,'电话'),(1,5,'金钱'),(1,5,'征信'),
(2,1,'中年'),(2,2,'消费陷阱'),(2,3,'沉没成本'),(2,4,'线下'),(2,5,'金钱'),
(3,1,'大学生'),(3,2,'求职就业'),(3,3,'贪小便宜'),(3,4,'招聘'),(3,5,'金钱'),
(4,1,'老人'),(4,2,'医疗健康'),(4,3,'互惠心理'),(4,4,'线下'),(4,5,'金钱'),(4,5,'健康'),
(5,1,'中年'),(5,2,'金融理财'),(5,3,'情感操控'),(5,4,'微信'),(5,5,'金钱'),
(6,1,'老人'),(6,2,'网络诈骗'),(6,3,'权威崇拜'),(6,4,'电话'),(6,5,'金钱'),
(7,1,'大学生'),(7,2,'求职就业'),(7,3,'损失厌恶'),(7,4,'线下'),(7,5,'金钱'),(7,5,'征信'),
(8,1,'职场新人'),(8,2,'房产租赁'),(8,3,'信息差'),(8,4,'线下'),(8,5,'金钱'),(8,5,'法律'),
(9,1,'宝妈'),(9,2,'消费陷阱'),(9,3,'贪小便宜'),(9,4,'直播'),(9,5,'金钱'),
(10,1,'中年'),(10,2,'网络诈骗'),(10,3,'信息差'),(10,4,'微信'),(10,5,'金钱'),
(11,1,'中年'),(11,2,'装修家居'),(11,3,'锚定效应'),(11,4,'线下'),(11,5,'金钱'),
(12,1,'学生'),(12,2,'消费陷阱'),(12,3,'侥幸心理'),(12,4,'电商'),(12,5,'金钱');

-- ---------- 自测题库 12 题 ----------
INSERT INTO quiz_question (id,stem,dimension,difficulty) VALUES
(1,'接到自称“公检法”的电话，说你涉案要把钱转到“安全账户”，正确做法是？','网络',0.3),
(2,'有“导师”带你抢“内部原始股”并承诺高收益，应该？','金融',0.4),
(3,'入职前，公司要求你先交 298 元押金/服装费，这说明？','职场',0.3),
(4,'面对健身房“充3年送1年”的预付促销，更稳妥的是？','消费',0.4),
(5,'“就这一次，应该不会这么倒霉被骗”属于哪种心理？','心理',0.3),
(6,'借钱给别人，写“借条”还是“欠条”更能证明借贷关系？','法律',0.6),
(7,'微信收到“熟人”视频通话向你借钱（可能 AI 换脸），应该？','网络',0.5),
(8,'直播间里“老板砍价、专家现场鉴定”的低价玉石，多半是？','消费',0.4),
(9,'接到“注销校园贷否则影响征信”的来电，本质是？','金融',0.3),
(10,'签劳动合同时遇到“空白条款/在空白处签字”，应该？','职场',0.5),
(11,'已经投入很多、舍不得退出而继续加注，这是？','心理',0.6),
(12,'发现孩子用自己手机大额游戏充值，家长可以？','消费',0.4);

INSERT INTO quiz_option (question_id,content,is_correct,analysis,sort) VALUES
(1,'立即按对方要求转账配合调查',FALSE,'公检法不会电话办案，更不会要你转账。',1),
(1,'挂断，拨打 96110 核实；不存在“安全账户”',TRUE,'记住：凡“安全账户”皆诈骗账户。',2),
(1,'加对方微信详细沟通后再决定',FALSE,'切勿与对方深入接触，易被进一步话术控制。',3),
(2,'先小额试水，赚了再追加',FALSE,'小额返利正是“放长线”，后续大额无法提现。',1),
(2,'拒绝。原始股须证监会核准，“内部名额”都是假的',TRUE,'真能赚钱的人不会拉你进群带单。',2),
(2,'拉上朋友一起买、分摊风险',FALSE,'这会把亲友一起拖进陷阱。',3),
(3,'正常，交了押金才算正式入职',FALSE,'用人单位向你收钱就是危险信号。',1),
(3,'警惕：正规招聘绝不收押金、培训费、服装费',TRUE,'先收钱的兼职/工作一律拒绝。',2),
(4,'一次性充到顶，单价最划算',FALSE,'促销最猛的店，跑路风险也最高。',1),
(4,'预付别超额、认准冷静期、留存合同与凭证',TRUE,'把风险控制在可承受范围内。',2),
(5,'侥幸心理',TRUE,'侥幸心理是踩坑的高频诱因。',1),
(5,'权威崇拜',FALSE,'权威崇拜指盲信专家/官方名头。',2),
(5,'损失厌恶',FALSE,'损失厌恶指怕失去、怕被罚。',3),
(6,'欠条',FALSE,'欠条只证明“欠款结果”，不直接证明借贷。',1),
(6,'借条',TRUE,'借条直接证明借款合意与交付，证明力更强。',2),
(6,'两者完全一样',FALSE,'两者法律含义不同，易在诉讼中吃亏。',3),
(7,'视频里确认是本人就直接转',FALSE,'AI 换脸/拟声可伪造熟人面孔与声音。',1),
(7,'转账前换电话或当面，多渠道核实身份',TRUE,'凡涉转账，务必二次核实。',2),
(8,'难得的捡漏机会，要抓紧下单',FALSE,'“最后一件、马上涨价”是制造紧迫感的话术。',1),
(8,'剧本演戏+假鉴定，把地摊货高价卖',TRUE,'珠宝玉石请认准权威鉴定机构。',2),
(9,'平台好心提醒，照做即可',FALSE,'平台不会这样“提醒”你去借款转账。',1),
(9,'诈骗。征信不会因“注销”而改变',TRUE,'让你贷款、转账的“客服”都是诈骗。',2),
(10,'信任公司，先签了再说',FALSE,'空白处签字可能被填入不利条款。',1),
(10,'拒绝，要求条款填写完整后再签',TRUE,'合同一旦签字，举证维权将很被动。',2),
(11,'沉没成本谬误',TRUE,'已投入的无法收回，不该成为继续投入的理由。',1),
(11,'从众效应',FALSE,'从众指“别人都做我也做”。',2),
(12,'只能自认倒霉',FALSE,'未成年人非理性消费可申诉退款。',1),
(12,'保留支付记录，向平台申诉退款',TRUE,'同时开启青少年模式、关闭免密支付。',2);

-- ---------- 身份徽章 ----------
INSERT INTO badge (name,icon,level,need_score,rarity) VALUES
('避坑萌新','🌱',1,0,1),
('人间清醒·LV3','🧠',3,1000,2),
('打假斗士','⚔',4,3000,3),
('反诈布道者','🔥',4,2000,3),
('避坑先驱','🏅',5,5000,4);

-- ---------- 示例 UGC（踩坑广场不空场） ----------
INSERT INTO ugc_story (nickname,happen_time,region,group_tag,domain_tag,content,advice,like_learn,like_pity,audit_status,created_at) VALUES
('清醒的打工人','2026-03','杭州','求职大学生','求职就业','应聘“高薪打字员”，对方要求先交 298 元会员押金，付完就被拉黑了。','正规招聘绝不收押金，先收钱的都是坑。',1280,86,2,CURRENT_TIMESTAMP),
('热心市民老张','2026-02','成都','老人','医疗健康','楼下天天发免费鸡蛋请我妈听课，最后买了一万多的保健品，吃了根本没用。','免费的礼品都是为了卖更贵的东西，多陪老人识破套路。',2100,140,2,CURRENT_TIMESTAMP),
('避坑萌新小李','2026-04','武汉','职场新人','房产租赁','租房遇到“二房东”，交了押金和首月租金后人就联系不上了。','签约前一定核实房产证和身份证是否一致，走正规合同。',640,52,2,CURRENT_TIMESTAMP);

-- ---------- 家人守护：示例关系（守护中心不空场；预警可在页面一键扫描生成） ----------
INSERT INTO guardian_relation (id,owner_name,member_name,relation,phone_mask,topics,voice_first,created_at) VALUES
(1,'我','妈妈','父母','138****6677','网络诈骗,医疗健康,金融理财',TRUE,CURRENT_TIMESTAMP),
(2,'我','爸爸','父母','139****1230','网络诈骗,消费陷阱',FALSE,CURRENT_TIMESTAMP);
-- 显式插入了 id=1,2，需推进自增序列，避免运行期新增关系时主键冲突
ALTER TABLE guardian_relation ALTER COLUMN id RESTART WITH 3;

-- 预置一条守护预警，便于首屏展示（其余由“一键守护扫描”按订阅领域生成）
INSERT INTO guardian_alert (relation_id,content_id,member_name,topic,level,title,body,read_flag,created_at) VALUES
(1,6,'妈妈','网络诈骗',3,'【守护提醒】高危预警 · 网络诈骗','妈妈您好，坑查查守护提醒：近期高发「网络诈骗」套路——安全账户=诈骗账户。公检法不会电话办案。凡涉及转账、验证码，先挂断、拨 96110 核实。',FALSE,CURRENT_TIMESTAMP);
